<?xml version="1.0" encoding="utf-8"?>
<LinearLayout xmlns:android="http://schemas.android.com/apk/res/android"
                    android:orientation="vertical"
                    android:layout_width="fill_parent"
                    android:layout_height="fill_parent"
                    android:gravity="center_vertical"
                    android:background="#ffffff"
                    android:padding="5dip">

   <LinearLayout android:layout_width="fill_parent"
                 android:layout_height="wrap_content">
      <TextView android:layout_width="wrap_content"
                android:layout_height="wrap_content"
                android:layout_marginRight="10dip"
                android:text="@string/radius"
                android:textColor="#000000"
                android:textSize="15sp"
                android:textStyle="bold"/>
      <EditText android:id="@+id/radius"
                android:layout_width="fill_parent"
                android:layout_height="wrap_content"
                android:hint="@string/type_a_number"
                android:inputType="numberDecimal|numberSigned"
                android:maxLines="1"/>
   </LinearLayout>

   <TextView android:layout_height="wrap_content"
             android:layout_width="wrap_content"/>

   <TextView android:id="@+id/area"
             android:layout_gravity="center"
             android:layout_width="wrap_content"
             android:layout_height="wrap_content"
             android:text="@string/area_undefined"
             android:textColor="#000000"
             android:textSize="15sp"
             android:textStyle="bold"/>

   <TextView android:layout_height="wrap_content"
             android:layout_width="wrap_content"/>

   <TextView android:id="@+id/circumference"
             android:layout_gravity="center"
             android:layout_width="wrap_content"
             android:layout_height="wrap_content"
             android:text="@string/circumference_undefined"
             android:textColor="#000000"
             android:textSize="15sp"
             android:textStyle="bold"/>
</LinearLayout>

