<?xml version="1.0"?>
<html xmlns="http://www.w3.org/1999/xhtml"
      xmlns:r="http://www.tutortutor.ca/">
   <head>
      <title>
         Recipe
      </title>
   </head>
   <body>
   <r:recipe>
      <r:title>
         Grilled Cheese Sandwich
      </r:title>
      <r:ingredients>
         <ul>
         <li>
         <r:ingredient qty="2">
            bread slice
         </r:ingredient>
         </li>
         <li>
         <r:ingredient>
            cheese slice
         </r:ingredient>
         </li>
         <li>
         <r:ingredient qty="2">
            margarine pat
         </r:ingredient>
         </li>
         </ul>
      </r:ingredients>
      <p>
      <r:instructions>
         Place frying pan on element and select medium heat. For each bread slice, smear 
         one pat of margarine on one side of bread slice. Place cheese slice between 
         bread slices with margarine-smeared sides away from the cheese. Place sandwich 
         in frying pan with one margarine-smeared side in contact with pan. Fry for a 
         couple of minutes and flip. Fry other side for a minute and serve.
      </r:instructions>
      </p>
   </r:recipe>
   </body>
</html>
